{"cameraMode":{"drawMode":0,"name":"Shaded","section":"Shading Mode"},"sceneLighting":true,"audioPlay":false,"sceneViewState":{"showFog":true,"showMaterialUpdate":true,"showSkybox":true,"showFlares":true,"showImageEffects":true,"showParticleSystems":true},"in2DMode":false,"pivot":{"x":563.4842529296875,"y":287.4652404785156,"z":2.109344482421875},"rotation":{"x":-0.007535251323133707,"y":0.014375916682183743,"z":-0.0001134729536715895,"w":-0.9998682737350464},"size":314.77288818359377,"orthographic":false}