{"cameraMode":{"drawMode":0,"name":"Shaded","section":"Shading Mode"},"sceneLighting":true,"audioPlay":false,"sceneViewState":{"showFog":true,"showMaterialUpdate":true,"showSkybox":true,"showFlares":true,"showImageEffects":true,"showParticleSystems":true},"in2DMode":false,"pivot":{"x":469.3519287109375,"y":440.4183349609375,"z":184.54190063476563},"rotation":{"x":-0.045694656670093539,"y":0.3250710964202881,"z":-0.014887857250869275,"w":-0.9451282620429993},"size":27.295385360717775,"orthographic":false}