{"cameraMode":{"drawMode":0,"name":"Shaded","section":"Shading Mode"},"sceneLighting":true,"audioPlay":false,"sceneViewState":{"showFog":true,"showMaterialUpdate":true,"showSkybox":true,"showFlares":true,"showImageEffects":true,"showParticleSystems":true},"in2DMode":false,"pivot":{"x":438.4131164550781,"y":432.7710876464844,"z":192.15109252929688},"rotation":{"x":0.09899739176034928,"y":-0.7350419163703919,"z":0.10997103154659271,"w":0.6616791486740112},"size":22.77658462524414,"orthographic":false}