{"cameraMode":{"drawMode":0,"name":"Shaded","section":"Shading Mode"},"sceneLighting":true,"audioPlay":false,"sceneViewState":{"showFog":true,"showMaterialUpdate":true,"showSkybox":true,"showFlares":true,"showImageEffects":true,"showParticleSystems":true},"in2DMode":false,"pivot":{"x":424.2065734863281,"y":422.95892333984377,"z":202.60716247558595},"rotation":{"x":-0.20927301049232484,"y":0.4453083574771881,"z":-0.11001674085855484,"w":-0.8642690181732178},"size":65.49588012695313,"orthographic":false}