{"cameraMode":{"drawMode":0,"name":"Shaded","section":"Shading Mode"},"sceneLighting":true,"audioPlay":false,"sceneViewState":{"showFog":true,"showMaterialUpdate":true,"showSkybox":true,"showFlares":true,"showImageEffects":true,"showParticleSystems":true},"in2DMode":false,"pivot":{"x":440.0904541015625,"y":433.9771423339844,"z":185.57879638671876},"rotation":{"x":0.3042062222957611,"y":0.2799259424209595,"z":-0.09401795268058777,"w":0.9056824445724487},"size":32.67519760131836,"orthographic":false}