{"cameraMode":{"drawMode":0,"name":"Shaded","section":"Shading Mode"},"sceneLighting":false,"audioPlay":false,"sceneViewState":{"showFog":true,"showMaterialUpdate":true,"showSkybox":true,"showFlares":true,"showImageEffects":true,"showParticleSystems":true},"in2DMode":false,"pivot":{"x":6.019999980926514,"y":7.090000152587891,"z":-3.2200000286102297},"rotation":{"x":-0.09092327952384949,"y":-0.9038821458816528,"z":0.24028009176254273,"w":-0.34204599261283877},"size":22.0,"orthographic":false}