{"cameraMode":{"drawMode":0,"name":"Shaded","section":"Shading Mode"},"sceneLighting":false,"audioPlay":false,"sceneViewState":{"showFog":true,"showMaterialUpdate":true,"showSkybox":true,"showFlares":true,"showImageEffects":true,"showParticleSystems":true},"in2DMode":false,"pivot":{"x":0.9766840934753418,"y":0.07276010513305664,"z":-39.037776947021487},"rotation":{"x":-0.058066003024578097,"y":0.9398579001426697,"z":-0.2680402398109436,"w":-0.2035924643278122},"size":9.856921195983887,"orthographic":false}