{"cameraMode":{"drawMode":0,"name":"Shaded","section":"Shading Mode"},"sceneLighting":true,"audioPlay":false,"sceneViewState":{"showFog":true,"showMaterialUpdate":true,"showSkybox":true,"showFlares":true,"showImageEffects":true,"showParticleSystems":true},"in2DMode":false,"pivot":{"x":318.7422180175781,"y":359.8286437988281,"z":217.50067138671876},"rotation":{"x":-0.21739311516284944,"y":0.6171901226043701,"z":-0.1828550100326538,"w":-0.7337443232536316},"size":211.0358428955078,"orthographic":false}