{"cameraMode":{"drawMode":0,"name":"Shaded","section":"Shading Mode"},"sceneLighting":true,"audioPlay":false,"sceneViewState":{"showFog":true,"showMaterialUpdate":true,"showSkybox":true,"showFlares":true,"showImageEffects":true,"showParticleSystems":true},"in2DMode":false,"pivot":{"x":255.43423461914063,"y":433.52215576171877,"z":259.1226501464844},"rotation":{"x":-0.018868321552872659,"y":0.9737599492073059,"z":-0.20907723903656007,"w":-0.08787653595209122},"size":3.9807634353637697,"orthographic":false}