{"cameraMode":{"drawMode":0,"name":"Shaded","section":"Shading Mode"},"sceneLighting":true,"audioPlay":false,"sceneViewState":{"showFog":true,"showMaterialUpdate":true,"showSkybox":true,"showFlares":true,"showImageEffects":true,"showParticleSystems":true},"in2DMode":false,"pivot":{"x":468.5347595214844,"y":429.3070373535156,"z":204.96925354003907},"rotation":{"x":0.11355224251747132,"y":-0.8557798266410828,"z":0.21218328177928925,"w":0.45795759558677676},"size":22.0,"orthographic":false}