{"cameraMode":{"drawMode":0,"name":"Shaded","section":"Shading Mode"},"sceneLighting":true,"audioPlay":false,"sceneViewState":{"showFog":true,"showMaterialUpdate":true,"showSkybox":true,"showFlares":true,"showImageEffects":true,"showParticleSystems":true},"in2DMode":false,"pivot":{"x":438.944580078125,"y":433.4549560546875,"z":190.7919158935547},"rotation":{"x":0.025328349322080613,"y":-0.640576958656311,"z":0.021145155653357507,"w":0.767184853553772},"size":5.9011054039001469,"orthographic":false}