{"cameraMode":{"drawMode":0,"name":"Shaded","section":"Shading Mode"},"sceneLighting":true,"audioPlay":false,"sceneViewState":{"showFog":true,"showMaterialUpdate":true,"showSkybox":true,"showFlares":true,"showImageEffects":true,"showParticleSystems":true},"in2DMode":false,"pivot":{"x":137.24899291992188,"y":373.3768310546875,"z":349.62225341796877},"rotation":{"x":0.20154613256454469,"y":-0.39289653301239016,"z":0.08869199454784394,"w":0.8928298950195313},"size":274.354736328125,"orthographic":false}