{"cameraMode":{"drawMode":0,"name":"Shaded","section":"Shading Mode"},"sceneLighting":true,"audioPlay":false,"sceneViewState":{"showFog":true,"showMaterialUpdate":true,"showSkybox":true,"showFlares":true,"showImageEffects":true,"showParticleSystems":true},"in2DMode":false,"pivot":{"x":3.0455322265625,"y":183.8843994140625,"z":94.75140380859375},"rotation":{"x":-0.15626341104507447,"y":0.8096938729286194,"z":-0.2491486668586731,"w":-0.5078411102294922},"size":817.4675903320313,"orthographic":false}