{"cameraMode":{"drawMode":0,"name":"Shaded","section":"Shading Mode"},"sceneLighting":true,"audioPlay":false,"sceneViewState":{"showFog":true,"showMaterialUpdate":true,"showSkybox":true,"showFlares":true,"showImageEffects":true,"showParticleSystems":true},"in2DMode":false,"pivot":{"x":490.0968933105469,"y":427.8288269042969,"z":180.1790771484375},"rotation":{"x":0.12084297835826874,"y":0.78898024559021,"z":-0.1645134538412094,"w":0.5795192122459412},"size":18.235923767089845,"orthographic":false}