{"cameraMode":{"drawMode":0,"name":"Shaded","section":"Shading Mode"},"sceneLighting":true,"audioPlay":false,"sceneViewState":{"showFog":true,"showMaterialUpdate":true,"showSkybox":true,"showFlares":true,"showImageEffects":true,"showParticleSystems":true},"in2DMode":false,"pivot":{"x":349.5477294921875,"y":387.7103271484375,"z":145.6360626220703},"rotation":{"x":-0.1086181029677391,"y":0.8367360830307007,"z":-0.179718017578125,"w":-0.5057433247566223},"size":114.6447982788086,"orthographic":false}