{"cameraMode":{"drawMode":0,"name":"Shaded","section":"Shading Mode"},"sceneLighting":true,"audioPlay":false,"sceneViewState":{"showFog":true,"showMaterialUpdate":true,"showSkybox":true,"showFlares":true,"showImageEffects":true,"showParticleSystems":true},"in2DMode":false,"pivot":{"x":526.2183837890625,"y":417.0155334472656,"z":169.97792053222657},"rotation":{"x":0.07366839051246643,"y":0.8582804799079895,"z":-0.1286882609128952,"w":0.4912911355495453},"size":83.78716278076172,"orthographic":false}