{"cameraMode":{"drawMode":0,"name":"Shaded","section":"Shading Mode"},"sceneLighting":true,"audioPlay":false,"sceneViewState":{"showFog":true,"showMaterialUpdate":true,"showSkybox":true,"showFlares":true,"showImageEffects":true,"showParticleSystems":true},"in2DMode":false,"pivot":{"x":281.2492980957031,"y":341.0205078125,"z":269.4325256347656},"rotation":{"x":-0.3410450220108032,"y":0.39681190252304079,"z":-0.16173842549324037,"w":-0.8367014527320862},"size":473.96905517578127,"orthographic":false}