{"cameraMode":{"drawMode":0,"name":"Shaded","section":"Shading Mode"},"sceneLighting":true,"audioPlay":false,"sceneViewState":{"showFog":true,"showMaterialUpdate":true,"showSkybox":true,"showFlares":true,"showImageEffects":true,"showParticleSystems":true},"in2DMode":false,"pivot":{"x":119.7105712890625,"y":392.50897216796877,"z":192.764404296875},"rotation":{"x":0.08251912891864777,"y":-0.7925475835800171,"z":0.11008492857217789,"w":0.5940878391265869},"size":550.2052612304688,"orthographic":false}