{"cameraMode":{"drawMode":0,"name":"Shaded","section":"Shading Mode"},"sceneLighting":true,"audioPlay":false,"sceneViewState":{"showFog":true,"showMaterialUpdate":true,"showSkybox":true,"showFlares":true,"showImageEffects":true,"showParticleSystems":true},"in2DMode":false,"pivot":{"x":272.29583740234377,"y":376.60595703125,"z":348.3006591796875},"rotation":{"x":-0.30778834223747256,"y":-0.15770840644836427,"z":0.051825862377882007,"w":-0.936860978603363},"size":231.02020263671876,"orthographic":false}