{"cameraMode":{"drawMode":0,"name":"Shaded","section":"Shading Mode"},"sceneLighting":false,"audioPlay":false,"sceneViewState":{"showFog":true,"showMaterialUpdate":true,"showSkybox":true,"showFlares":true,"showImageEffects":true,"showParticleSystems":true},"in2DMode":false,"pivot":{"x":-1.7172393798828126,"y":24.764259338378908,"z":-10.479548454284668},"rotation":{"x":0.20673251152038575,"y":0.2628079354763031,"z":-0.05775768682360649,"w":0.9406687617301941},"size":77.74126434326172,"orthographic":false}