{"cameraMode":{"drawMode":0,"name":"Shaded","section":"Shading Mode"},"sceneLighting":true,"audioPlay":false,"sceneViewState":{"showFog":true,"showMaterialUpdate":true,"showSkybox":true,"showFlares":true,"showImageEffects":true,"showParticleSystems":true},"in2DMode":false,"pivot":{"x":457.8880310058594,"y":440.138671875,"z":189.8897247314453},"rotation":{"x":-0.13994647562503816,"y":0.26676154136657717,"z":-0.0391862578690052,"w":-0.9527422189712524},"size":69.15385437011719,"orthographic":false}