{"cameraMode":{"drawMode":0,"name":"Shaded","section":"Shading Mode"},"sceneLighting":true,"audioPlay":false,"sceneViewState":{"showFog":true,"showMaterialUpdate":true,"showSkybox":true,"showFlares":true,"showImageEffects":true,"showParticleSystems":true},"in2DMode":false,"pivot":{"x":439.45977783203127,"y":431.1621398925781,"z":191.87339782714845},"rotation":{"x":-0.14727672934532166,"y":0.5180515646934509,"z":-0.09111082553863526,"w":-0.8377199172973633},"size":18.535799026489259,"orthographic":false}