{"cameraMode":{"drawMode":0,"name":"Shaded","section":"Shading Mode"},"sceneLighting":true,"audioPlay":false,"sceneViewState":{"showFog":true,"showMaterialUpdate":true,"showSkybox":true,"showFlares":true,"showImageEffects":true,"showParticleSystems":true},"in2DMode":false,"pivot":{"x":203.3505096435547,"y":435.359375,"z":470.5704650878906},"rotation":{"x":0.12971638143062592,"y":-0.3573963940143585,"z":0.05020368471741676,"w":0.9235373139381409},"size":25.888286590576173,"orthographic":false}