{"cameraMode":{"drawMode":0,"name":"Shaded","section":"Shading Mode"},"sceneLighting":true,"audioPlay":false,"sceneViewState":{"showFog":true,"showMaterialUpdate":true,"showSkybox":true,"showFlares":true,"showImageEffects":true,"showParticleSystems":true},"in2DMode":false,"pivot":{"x":448.9893493652344,"y":437.123046875,"z":204.4194793701172},"rotation":{"x":-0.1301257312297821,"y":0.7180009484291077,"z":-0.13957777619361878,"w":-0.6693729162216187},"size":20.372194290161134,"orthographic":false}