{"cameraMode":{"drawMode":0,"name":"Shaded","section":"Shading Mode"},"sceneLighting":true,"audioPlay":false,"sceneViewState":{"showFog":true,"showMaterialUpdate":true,"showSkybox":true,"showFlares":true,"showImageEffects":true,"showParticleSystems":true},"in2DMode":false,"pivot":{"x":466.4272155761719,"y":427.72662353515627,"z":181.42263793945313},"rotation":{"x":-0.010473673231899739,"y":0.049459077417850497,"z":0.0005196343990974128,"w":0.998721182346344},"size":3.1667661666870119,"orthographic":false}