{"cameraMode":{"drawMode":0,"name":"Shaded","section":"Shading Mode"},"sceneLighting":true,"audioPlay":false,"sceneViewState":{"showFog":true,"showMaterialUpdate":true,"showSkybox":true,"showFlares":true,"showImageEffects":true,"showParticleSystems":true},"in2DMode":false,"pivot":{"x":516.4328002929688,"y":209.05828857421876,"z":0.106414794921875},"rotation":{"x":-0.04203786328434944,"y":-0.00034415480331517756,"z":0.000011307412933092564,"w":-0.9991160035133362},"size":358.763916015625,"orthographic":false}