{"cameraMode":{"drawMode":0,"name":"Shaded","section":"Shading Mode"},"sceneLighting":true,"audioPlay":false,"sceneViewState":{"showFog":true,"showMaterialUpdate":true,"showSkybox":true,"showFlares":true,"showImageEffects":true,"showParticleSystems":true},"in2DMode":false,"pivot":{"x":371.0860595703125,"y":403.980224609375,"z":242.35079956054688},"rotation":{"x":0.20564767718315125,"y":-0.3002610504627228,"z":0.06646767258644104,"w":0.9290503263473511},"size":83.4790267944336,"orthographic":false}