{"cameraMode":{"drawMode":0,"name":"Shaded","section":"Shading Mode"},"sceneLighting":false,"audioPlay":false,"sceneViewState":{"showFog":true,"showMaterialUpdate":true,"showSkybox":true,"showFlares":true,"showImageEffects":true,"showParticleSystems":true},"in2DMode":false,"pivot":{"x":53.141170501708987,"y":-45.72737121582031,"z":10.006226539611817},"rotation":{"x":0.2736609876155853,"y":0.6081901788711548,"z":-0.23542764782905579,"w":0.7069569826126099},"size":99.43470001220703,"orthographic":false}