{"cameraMode":{"drawMode":0,"name":"Shaded","section":"Shading Mode"},"sceneLighting":true,"audioPlay":false,"sceneViewState":{"showFog":true,"showMaterialUpdate":true,"showSkybox":true,"showFlares":true,"showImageEffects":true,"showParticleSystems":true},"in2DMode":false,"pivot":{"x":483.18853759765627,"y":431.9106750488281,"z":160.19857788085938},"rotation":{"x":-0.005989500787109137,"y":0.3537060022354126,"z":-0.0012458368437364698,"w":-0.9360176920890808},"size":7.345364093780518,"orthographic":false}