{"cameraMode":{"drawMode":0,"name":"Shaded","section":"Shading Mode"},"sceneLighting":true,"audioPlay":false,"sceneViewState":{"showFog":true,"showMaterialUpdate":true,"showSkybox":true,"showFlares":true,"showImageEffects":true,"showParticleSystems":true},"in2DMode":false,"pivot":{"x":46.28826904296875,"y":303.97125244140627,"z":186.54017639160157},"rotation":{"x":-0.11484847217798233,"y":0.7111613750457764,"z":-0.11955689638853073,"w":-0.6832024455070496},"size":441.9261474609375,"orthographic":false}