{"cameraMode":{"drawMode":0,"name":"Shaded","section":"Shading Mode"},"sceneLighting":true,"audioPlay":false,"sceneViewState":{"showFog":true,"showMaterialUpdate":true,"showSkybox":true,"showFlares":true,"showImageEffects":true,"showParticleSystems":true},"in2DMode":false,"pivot":{"x":3.1518006324768068,"y":-183.29476928710938,"z":968.5731201171875},"rotation":{"x":0.27998703718185427,"y":-0.2502933740615845,"z":0.07555948942899704,"w":0.9243949055671692},"size":1601.0308837890625,"orthographic":false}