{"cameraMode":{"drawMode":0,"name":"Shaded","section":"Shading Mode"},"sceneLighting":true,"audioPlay":false,"sceneViewState":{"showFog":true,"showMaterialUpdate":true,"showSkybox":true,"showFlares":true,"showImageEffects":true,"showParticleSystems":true},"in2DMode":false,"pivot":{"x":256.57476806640627,"y":499.7059631347656,"z":99.0963363647461},"rotation":{"x":-0.30147939920425417,"y":0.17016412317752839,"z":-0.05476301163434982,"w":-0.9365657567977905},"size":96.84266662597656,"orthographic":false}