{"cameraMode":{"drawMode":0,"name":"Shaded","section":"Shading Mode"},"sceneLighting":true,"audioPlay":false,"sceneViewState":{"showFog":true,"showMaterialUpdate":true,"showSkybox":true,"showFlares":true,"showImageEffects":true,"showParticleSystems":true},"in2DMode":false,"pivot":{"x":348.66387939453127,"y":315.1961669921875,"z":-90.072265625},"rotation":{"x":-0.03224716708064079,"y":0.9677212238311768,"z":-0.18061143159866334,"w":-0.17278698086738587},"size":373.3895263671875,"orthographic":false}