{"cameraMode":{"drawMode":0,"name":"Shaded","section":"Shading Mode"},"sceneLighting":true,"audioPlay":false,"sceneViewState":{"showFog":true,"showMaterialUpdate":true,"showSkybox":true,"showFlares":true,"showImageEffects":true,"showParticleSystems":true},"in2DMode":false,"pivot":{"x":441.6217956542969,"y":432.9503173828125,"z":193.45877075195313},"rotation":{"x":0.06949906051158905,"y":-0.8084431886672974,"z":0.09750347584486008,"w":0.5762661099433899},"size":21.384441375732423,"orthographic":false}