{"cameraMode":{"drawMode":0,"name":"Shaded","section":"Shading Mode"},"sceneLighting":true,"audioPlay":false,"sceneViewState":{"showFog":true,"showMaterialUpdate":true,"showSkybox":true,"showFlares":true,"showImageEffects":true,"showParticleSystems":true},"in2DMode":false,"pivot":{"x":177.95298767089845,"y":432.0076599121094,"z":471.4530029296875},"rotation":{"x":-0.16519686579704286,"y":0.6162511110305786,"z":-0.13426142930984498,"w":-0.7582337856292725},"size":67.84080505371094,"orthographic":false}