{"cameraMode":{"drawMode":0,"name":"Shaded","section":"Shading Mode"},"sceneLighting":true,"audioPlay":false,"sceneViewState":{"showFog":true,"showMaterialUpdate":true,"showSkybox":true,"showFlares":true,"showImageEffects":true,"showParticleSystems":true},"in2DMode":false,"pivot":{"x":220.1673583984375,"y":228.80810546875,"z":358.0553894042969},"rotation":{"x":0.3528729975223541,"y":-0.4888512194156647,"z":0.2254023551940918,"w":0.7653096914291382},"size":1653.8182373046875,"orthographic":false}