{"cameraMode":{"drawMode":0,"name":"Shaded","section":"Shading Mode"},"sceneLighting":false,"audioPlay":false,"sceneViewState":{"showFog":true,"showMaterialUpdate":true,"showSkybox":true,"showFlares":true,"showImageEffects":true,"showParticleSystems":true},"in2DMode":false,"pivot":{"x":37.285770416259769,"y":-30.858400344848634,"z":55.98421096801758},"rotation":{"x":0.26780685782432558,"y":0.295408695936203,"z":-0.08665403723716736,"w":0.9129645824432373},"size":151.7151641845703,"orthographic":false}