{"cameraMode":{"drawMode":0,"name":"Shaded","section":"Shading Mode"},"sceneLighting":true,"audioPlay":false,"sceneViewState":{"showFog":true,"showMaterialUpdate":true,"showSkybox":true,"showFlares":true,"showImageEffects":true,"showParticleSystems":true},"in2DMode":false,"pivot":{"x":431.4737854003906,"y":429.0697326660156,"z":194.48001098632813},"rotation":{"x":-0.14642199873924256,"y":0.5059067606925964,"z":-0.0868590697646141,"w":-0.8458353281021118},"size":54.95206832885742,"orthographic":false}