{"cameraMode":{"drawMode":0,"name":"Shaded","section":"Shading Mode"},"sceneLighting":true,"audioPlay":false,"sceneViewState":{"showFog":true,"showMaterialUpdate":true,"showSkybox":true,"showFlares":true,"showImageEffects":true,"showParticleSystems":true},"in2DMode":false,"pivot":{"x":257.81292724609377,"y":428.8970947265625,"z":257.60400390625},"rotation":{"x":0.18423186242580415,"y":-0.5437784194946289,"z":0.12378115206956864,"w":0.809346616268158},"size":7.150386333465576,"orthographic":false}