{"cameraMode":{"drawMode":0,"name":"Shaded","section":"Shading Mode"},"sceneLighting":true,"audioPlay":false,"sceneViewState":{"showFog":true,"showMaterialUpdate":true,"showSkybox":true,"showFlares":true,"showImageEffects":true,"showParticleSystems":true},"in2DMode":false,"pivot":{"x":447.5318908691406,"y":494.9296875,"z":31.95343017578125},"rotation":{"x":-0.06901970505714417,"y":0.0038108150474727155,"z":-0.0002667394292075187,"w":-0.9976080060005188},"size":688.2210083007813,"orthographic":false}