{"cameraMode":{"drawMode":0,"name":"Shaded","section":"Shading Mode"},"sceneLighting":true,"audioPlay":false,"sceneViewState":{"showFog":true,"showMaterialUpdate":true,"showSkybox":true,"showFlares":true,"showImageEffects":true,"showParticleSystems":true},"in2DMode":false,"pivot":{"x":428.4482421875,"y":333.0849304199219,"z":361.38623046875},"rotation":{"x":-0.2754281759262085,"y":-0.5038407444953919,"z":0.17344099283218385,"w":-0.800126314163208},"size":701.302978515625,"orthographic":false}